Workbook

Sheet Raw
A1: REPAIR_ID | B1: COMPUTER_SN | C1: ERROR_CODE | D1: DEBUGGER_ID | E1: REPAIR_USER | F1: CREATED | G1: DEBUGGED | H1: REPAIRED | I1: FAIL_PN | J1: PROPOSED_ACTION | K1: REPAIR_ACTION

Sheet Params
B1: Data_End | C1: =MAX(Raw!F2:F1000) -> 0
B2: W7 | C2: 7
B3: W14 | C3: 14
B4: W30 | C4: 30
B6: Min_Sample_N | C6: 30

Sheet Events
A1: REPAIR_ID | B1: COMPUTER_SN | C1: ERROR_CODE | D1: DEBUGGER_ID | E1: REPAIR_USER | F1: CREATED | G1: DEBUGGED | H1: REPAIRED | I1: FAIL_PN | J1: PROPOSED_ACTION | K1: REPAIR_ACTION | L1: Debug_Min | M1: Repair_Phase_Min | N1: Cycle_Min | O1: Is_Override | P1: Has_Debugger | Q1: Has_Repair_Tech | R1: Role_Overlap | S1: Dup_REPAIR_ID | T1: Neg_Duration_Flag | U1: Next_CREATED | V1: Next_ERROR_CODE | W1: Days_To_Next_Fail | X1: Eligible_7 | Y1: Repeat_7 | Z1: Same_Error_Repeat_7 | AA1: Eligible_14 | AB1: Repeat_14 | AC1: Same_Error_Repeat_14 | AD1: Eligible_30 | AE1: Repeat_30 | AF1: Same_Error_Repeat_30
A2: {=SORT(Raw!A2:K4, 2, TRUE, 6, TRUE, 1, TRUE)} | L2: =IF(OR($G2="",$F2=""),,($G2-$F2)*24*60) | M2: =IF(OR($H2="",$G2=""),,($H2-$G2)*24*60) | N2: =IF(OR($H2="",$F2=""),,($H2-$F2)*24*60) | O2: =IF(OR($K2="",$J2=""),,--($K2<>$J2)) | P2: =--($D2<>"") -> 0 | Q2: =--($E2<>"") -> 0 | R2: =IF(OR($D2="",$E2=""),,--($D2=$E2)) | S2: =--(COUNTIF($A:$A,$A2)>1) -> 0 | T2: =IF(OR($L2<0,$M2<0,$N2<0),"NEG_DURATION",) | U2: =IF($B2=$B3,$F3,) | V2: =IF($B2=$B3,$C3,) | W2: =IF(OR($U2="",$H2=""),,($U2-$H2)) | X2: =IF($H2="",, $H2 <= (Params!$C$1-Params!$C$2)) | Y2: =IF(NOT($X2),, IF($W2="",0, --($W2<=Params!$C$2))) | Z2: =IF(NOT($X2),, --(AND($Y2=1,$V2=$C2))) | AA2: =IF($H2="",, $H2 <= (Params!$C$1-Params!$C$3)) | AB2: =IF(NOT($AA2),, IF($W2="",0, --($W2<=Params!$C$3))) | AC2: =IF(NOT($AA2),, --(AND($AB2=1,$V2=$C2))) | AD2: =IF($H2="",, $H2 <= (Params!$C$1-Params!$C$4)) | AE2: =IF(NOT($AD2),, IF($W2="",0, --($W2<=Params!$C$4))) | AF2: =IF(NOT($AD2),, --(AND($AE2=1,$V2=$C2)))

Sheet Debugger_Summary
A1: DEBUGGER_ID | B1: N_Events | C1: Median_Debug_Min | D1: P90_Debug_Min | E1: Override_Rate | F1: FPY_7_Followed | G1: SameErrRec_7_Followed
A2: =IFERROR(__xludf.DUMMYFUNCTION("SORT(UNIQUE(FILTER(Events!D2:D1000, Events!D2:D1000<>"""")))"),"#N/A") -> #N/A | B2: =COUNTIF(Events!D:D,$A2) -> 0 | C2: =IFERROR(__xludf.DUMMYFUNCTION("IF($B2=0,, PERCENTILE(FILTER(Events!L$2:L, Events!D$2:D=$A2, Events!L$2:L<>"""", Events!T$2:T=""""), 0.5))"),"") | D2: =IFERROR(__xludf.DUMMYFUNCTION("IF($B2=0,, PERCENTILE(FILTER(Events!L$2:L, Events!D$2:D=$A2, Events!L$2:L<>"""", Events!T$2:T=""""), 0.9))"),"") | E2: =IFERROR(__xludf.DUMMYFUNCTION("IF($B2=0,, AVERAGE(FILTER(Events!O$2:O, Events!D$2:D=$A2, Events!O$2:O<>"""")))"),"") | F2: =IFERROR(__xludf.DUMMYFUNCTION("IFERROR(1-AVERAGE(FILTER(Events!Y$2:Y, Events!D$2:D=$A2, Events!O$2:O=0, Events!X$2:X=TRUE)),)"),"") | G2: =IFERROR(__xludf.DUMMYFUNCTION("IFERROR(AVERAGE(FILTER(Events!Z$2:Z, Events!D$2:D=$A2, Events!O$2:O=0, Events!X$2:X=TRUE)),)"),"")

Sheet RepairTech_Summary
A1: REPAIR_USER | B1: N_Events | C1: Median_RepairPhase_Min | D1: P90_RepairPhase_Min | E1: Override_Performed_Rate | F1: FPY_7_All | G1: SameErrRec_7_All
A2: =IFERROR(__xludf.DUMMYFUNCTION("SORT(UNIQUE(FILTER(Events!E2:E1000, Events!E2:E1000<>"""")))"),"#N/A") -> #N/A | B2: =COUNTIF(Events!E:E,$A2) -> 0 | C2: =IFERROR(__xludf.DUMMYFUNCTION("IF($B2=0,, PERCENTILE(FILTER(Events!M$2:M, Events!E$2:E=$A2, Events!M$2:M<>"""", Events!T$2:T=""""), 0.5))"),"") | D2: =IFERROR(__xludf.DUMMYFUNCTION("IF($B2=0,, PERCENTILE(FILTER(Events!M$2:M, Events!E$2:E=$A2, Events!M$2:M<>"""", Events!T$2:T=""""), 0.9))"),"") | E2: =IFERROR(__xludf.DUMMYFUNCTION("IF($B2=0,, AVERAGE(FILTER(Events!O$2:O, Events!E$2:E=$A2, Events!O$2:O<>"""")))"),"") | F2: =IFERROR(__xludf.DUMMYFUNCTION("IFERROR(1-AVERAGE(FILTER(Events!Y$2:Y, Events!E$2:E=$A2, Events!X$2:X=TRUE)),)"),"") | G2: =IFERROR(__xludf.DUMMYFUNCTION("IFERROR(AVERAGE(FILTER(Events!Z$2:Z, Events!E$2:E=$A2, Events!X$2:X=TRUE)),)"),"")

Sheet ErrorCode_Summary
A1: ERROR_CODE | B1: N_Events | C1: Median_Cycle_Min | D1: P90_Cycle_Min | E1: Repeat_7_Rate | F1: SameErrRepeat_7_Rate | G1: Repeat_7_Count | H1: SameErrRepeat_7_Count
A2: =IFERROR(__xludf.DUMMYFUNCTION("SORT(UNIQUE(FILTER(Events!C2:C1000, Events!C2:C1000<>"""")))"),"#N/A") -> #N/A | B2: =COUNTIF(Events!C:C,$A2) -> 0 | C2: =IFERROR(__xludf.DUMMYFUNCTION("IF($B2=0,,PERCENTILE(FILTER(Events!N$2:N1000, Events!C$2:C1000=$A2, Events!N$2:N1000<>"""", Events!T$2:T1000=""""), 0.5))"),"") | D2: =IFERROR(__xludf.DUMMYFUNCTION("IF($B2=0,,PERCENTILE(FILTER(Events!N$2:N1000, Events!C$2:C1000=$A2, Events!N$2:N1000<>"""", Events!T$2:T1000=""""), 0.9))"),"") | E2: =IFERROR(__xludf.DUMMYFUNCTION("IFERROR(AVERAGE(FILTER(Events!Y$2:Y1000, Events!C$2:C1000=$A2,Events!X$2:X1000=TRUE)),)"),"") | F2: =IFERROR(__xludf.DUMMYFUNCTION("IFERROR(AVERAGE(FILTER(Events!Z$2:Z1000, Events!C$2:C1000=$A2,Events!X$2:X1000=TRUE)),)"),"") | G2: =IFERROR(__xludf.DUMMYFUNCTION("IFERROR(SUM(FILTER(Events!Y$2:Y1000, Events!C$2:C1000=$A2,Events!X$2:X1000=TRUE)),)"),"") | H2: =IFERROR(__xludf.DUMMYFUNCTION("IFERROR(SUM(FILTER(Events!Z$2:Z1000, Events!C$2:C1000=$A2,Events!X$2:X1000=TRUE)),)"),"")

Sheet Tech_x_Code
A1: TECH_ID | B1: ERROR_CODE_1 | C1: ERROR_CODE_2 | D1: ERROR_CODE_3 | E1: ERROR_CODE_4 | F1: ERROR_CODE_5 | G1: ERROR_CODE_6 | H1: ERROR_CODE_7 | I1: ERROR_CODE_8 | J1: ERROR_CODE_9 | K1: ERROR_CODE_10
B2: =IFERROR(__xludf.DUMMYFUNCTION("LET(tech,$A2,code,B$1,n,COUNTIFS(Events!D:D, tech, Events!C:C, code),IF(n<Params!$C$6,""LOW_N"",IFERROR(PERCENTILE(FILTER(Events!L$2:L1000,Events!D$2:D1000=tech,Events!C$2:C1000=code,Events!L$2:L1000<>"""",Events!T$2:T1000=""""),0.5),)))"),"LOW_N") -> LOW_N | C2: =IFERROR(__xludf.DUMMYFUNCTION("LET(tech,$A2, code, C$1, n, COUNTIFS(Events!D:D, tech, Events!C:C, code), IF(n<Params!$C$6, ""LOW_N"", IFERROR(PERCENTILE(FILTER(Events!L$2:L1000, Events!D$2:D1000=tech, Events!C$2:C1000=code, Events!L$2:L1000<>"""", Events!T$2:T1000=""""), 0.5), )))"),"LOW_N") -> LOW_N | D2: =IFERROR(__xludf.DUMMYFUNCTION("LET(tech,$A2, code, D$1, n, COUNTIFS(Events!D:D, tech, Events!C:C, code), IF(n<Params!$C$6, ""LOW_N"", IFERROR(PERCENTILE(FILTER(Events!L$2:L1000, Events!D$2:D1000=tech, Events!C$2:C1000=code, Events!L$2:L1000<>"""", Events!T$2:T1000=""""), 0.5), )))"),"LOW_N") -> LOW_N | E2: =IFERROR(__xludf.DUMMYFUNCTION("LET(tech,$A2, code, E$1, n, COUNTIFS(Events!D:D, tech, Events!C:C, code), IF(n<Params!$C$6, ""LOW_N"", IFERROR(PERCENTILE(FILTER(Events!L$2:L1000, Events!D$2:D1000=tech, Events!C$2:C1000=code, Events!L$2:L1000<>"""", Events!T$2:T1000=""""), 0.5), )))"),"LOW_N") -> LOW_N | F2: =IFERROR(__xludf.DUMMYFUNCTION("LET(tech,$A2, code, F$1, n, COUNTIFS(Events!D:D, tech, Events!C:C, code), IF(n<Params!$C$6, ""LOW_N"", IFERROR(PERCENTILE(FILTER(Events!L$2:L1000, Events!D$2:D1000=tech, Events!C$2:C1000=code, Events!L$2:L1000<>"""", Events!T$2:T1000=""""), 0.5), )))"),"LOW_N") -> LOW_N | G2: =IFERROR(__xludf.DUMMYFUNCTION("LET(tech,$A2, code, G$1, n, COUNTIFS(Events!D:D, tech, Events!C:C, code), IF(n<Params!$C$6, ""LOW_N"", IFERROR(PERCENTILE(FILTER(Events!L$2:L1000, Events!D$2:D1000=tech, Events!C$2:C1000=code, Events!L$2:L1000<>"""", Events!T$2:T1000=""""), 0.5), )))"),"LOW_N") -> LOW_N | H2: =IFERROR(__xludf.DUMMYFUNCTION("LET(tech,$A2, code, H$1, n, COUNTIFS(Events!D:D, tech, Events!C:C, code), IF(n<Params!$C$6, ""LOW_N"", IFERROR(PERCENTILE(FILTER(Events!L$2:L1000, Events!D$2:D1000=tech, Events!C$2:C1000=code, Events!L$2:L1000<>"""", Events!T$2:T1000=""""), 0.5), )))"),"LOW_N") -> LOW_N | I2: =IFERROR(__xludf.DUMMYFUNCTION("LET(tech,$A2, code, I$1, n, COUNTIFS(Events!D:D, tech, Events!C:C, code), IF(n<Params!$C$6, ""LOW_N"", IFERROR(PERCENTILE(FILTER(Events!L$2:L1000, Events!D$2:D1000=tech, Events!C$2:C1000=code, Events!L$2:L1000<>"""", Events!T$2:T1000=""""), 0.5), )))"),"LOW_N") -> LOW_N | J2: =IFERROR(__xludf.DUMMYFUNCTION("LET(tech,$A2, code, J$1, n, COUNTIFS(Events!D:D, tech, Events!C:C, code), IF(n<Params!$C$6, ""LOW_N"", IFERROR(PERCENTILE(FILTER(Events!L$2:L1000, Events!D$2:D1000=tech, Events!C$2:C1000=code, Events!L$2:L1000<>"""", Events!T$2:T1000=""""), 0.5), )))"),"LOW_N") -> LOW_N | K2: =IFERROR(__xludf.DUMMYFUNCTION("LET(tech,$A2, code, K$1, n, COUNTIFS(Events!D:D, tech, Events!C:C, code), IF(n<Params!$C$6, ""LOW_N"", IFERROR(PERCENTILE(FILTER(Events!L$2:L1000, Events!D$2:D1000=tech, Events!C$2:C1000=code, Events!L$2:L1000<>"""", Events!T$2:T1000=""""), 0.5), )))"),"LOW_N") -> LOW_N

Sheet Override_Matrix
A1: =IFERROR(__xludf.DUMMYFUNCTION("QUERY(Events!A1:AF1000,""select J, count(A) where J is not null and K is not null group by J pivot K label count(A) ''"",1)"),"PROPOSED_ACTION") -> PROPOSED_ACTION | B1: =IFERROR(__xludf.DUMMYFUNCTION("""COMPUTED_VALUE"""),"")

Sheet Dashboard
A1: KPI | B1: Value
A2: Total_Events | B2: =COUNTA(Events!A2:A1000) -> 0
A3: Median_Cycle_Min | B3: =IFERROR(__xludf.DUMMYFUNCTION("PERCENTILE(FILTER(Events!N$2:N1000, Events!N$2:N1000<>"""", Events!T$2:T1000=""""), 0.5)"),"#N/A") -> #N/A
A4: Repeat_7_Rate | B4: =IFERROR(__xludf.DUMMYFUNCTION("AVERAGE(FILTER(Events!Y$2:Y1000, Events!X$2:X1000=TRUE))"),"#N/A") -> #N/A
A6: Top_10_ErrorCodes_by_Volume
A7: =IFERROR(__xludf.DUMMYFUNCTION("QUERY(ErrorCode_Summary!A2:H1000, ""SELECT * WHERE A IS NOT NULL ORDER BY B DESC LIMIT 10"", 0)"),"#N/A") -> #N/A | B7: =IFERROR(__xludf.DUMMYFUNCTION("""COMPUTED_VALUE"""),0.0) -> 0
